,Year,MAE,Pearson_Correlation,MAPE,Alpha,L1_ratio,λ_1,λ_2,Min number of weights from cv,Max number of weights from cv,Number Of Non-Zero Weights
0,2014-2015,1.473,1,24.172,0.38,0.7,0.266,0.057,20.2,387.8,62
1,2015-2016,1.641,1,26.243,0.41,0.7,0.287,0.061,16.5,387.0,59
2,2016-2017,2.301,1,57.499,0.46,0.7,0.322,0.069,13.428571428571429,390.85714285714283,60
3,2017-2018,2.807,1,49.83,0.78,0.7,0.546,0.117,10.125,390.125,43
4,2018-2019,3.483,1,111.968,0.65,0.7,0.455,0.097,12.88888888888889,390.1111111111111,45
5,Average,2.341 +- 0.74382,1.0 +- 0.0,53.942 +- 31.7807,0.536,0.7,,,,,
