,Year,MAE,Pearson_Correlation,MAPE,Alpha,L1_ratio,λ_1,λ_2,Min number of weights from cv,Max number of weights from cv,Number Of Non-Zero Weights
0,2014-2015,1.293277994561508,0.9446954322921596,23.620006662319774,0.047999999999999966,0.7,0.03359999999999998,0.007199999999999996,29.333333333333332,388.0,209
1,2015-2016,1.6634059769705793,0.9402310464040017,26.09774392856475,0.3699999999999999,0.7,0.2589999999999999,0.055499999999999994,22.666666666666668,392.3333333333333,59
2,2016-2017,2.012693162918144,0.9359126406602489,45.80763076766277,0.07099999999999995,0.7,0.049699999999999966,0.010649999999999995,17.666666666666668,388.6666666666667,174
3,2017-2018,2.2869711236662504,0.9764865140197501,39.156629676151574,0.003,0.7,0.0021,0.0004500000000000001,13.0,389.6666666666667,369
4,2018-2019,1.955907346386603,0.9594319610564513,47.823187635751175,0.003,0.7,0.0021,0.0004500000000000001,13.666666666666666,389.3333333333333,366
5,Average,1.842451120900617 +- 0.33855604767559,0.9513515188865224,36.50103973409001,0.09899999999999996,0.7,,,,,
