,Year,MAE,Pearson_Correlation,MAPE,Alpha,L1_ratio,λ_1,λ_2,Min number of weights from cv,Max number of weights from cv,Number Of Non-Zero Weights
0,2014-2015,1.41266,0.93644,25.58995,0.098,0.7,0.0686,0.0147,29.0,389.66667,151
1,2015-2016,1.43483,0.94856,23.37434,0.097,0.7,0.0679,0.01455,22.33333,390.66667,151
2,2016-2017,2.4381,0.93592,57.57881,0.076,0.7,0.0532,0.0114,17.66667,392.66667,164
3,2017-2018,2.2136,0.9685,31.15636,0.001,0.7,0.0007,0.00015,13.0,390.33333,394
4,2018-2019,2.10343,0.96205,47.56232,0.002,0.7,0.0014,0.0003,13.66667,391.33333,380
5,Average,1.92052 +- 0.41978,0.95029 +- 0.0132,37.05236 +- 13.30438,0.0548,0.7,,,,,