,Year,MAE,Pearson_Correlation,MAPE,Alpha,L1_ratio,λ_1,λ_2,Min number of weights from cv,Max number of weights from cv,Number Of Non-Zero Weights
0,2014-2015,1.729603661682452,0.8924847667641512,27.858439474646545,0.44999999999999984,0.7,0.3149999999999999,0.06749999999999999,20.2,388.6,62
1,2015-2016,1.667114294457574,0.9368527920068427,26.04794716923651,0.47999999999999976,0.7,0.3359999999999998,0.07199999999999998,16.666666666666668,388.3333333333333,57
2,2016-2017,2.327911640602288,0.9628236035307662,60.47433259809376,0.8199999999999996,0.7,0.5739999999999997,0.12299999999999996,13.428571428571429,387.7142857142857,53
3,2017-2018,2.9423753303360747,0.9695885850264437,53.4929532627678,0.9299999999999996,0.7,0.6509999999999997,0.13949999999999996,10.125,389.5,46
4,2018-2019,3.768669041692689,0.9429150986973348,120.24951878209653,0.8599999999999995,0.7,0.6019999999999996,0.12899999999999995,13.0,389.3333333333333,42
5,Average,2.487134793754216 +- 0.7900902508714875,0.9409329692051077,57.624638257368225,0.7079999999999996,0.7,,,,,
