,Year,MAE,Pearson_Correlation,MAPE,Alpha,L1_ratio,λ_1,λ_2,Min number of weights from cv,Max number of weights from cv,Number Of Non-Zero Weights
0,2014-2015,1.4252655578060354,0.9350831490794191,25.608821448909165,0.11,0.7,0.077,0.016500000000000004,29.0,389.6666666666667,140
1,2015-2016,1.6235515209264424,0.9423279593657774,26.277487646991236,0.33999999999999986,0.7,0.23799999999999988,0.05099999999999998,22.333333333333332,390.6666666666667,65
2,2016-2017,2.438096660999331,0.9359234764422187,57.57881446377162,0.07599999999999994,0.7,0.053199999999999956,0.011399999999999993,17.666666666666668,392.6666666666667,164
3,2017-2018,2.2136036573985893,0.9684963787208327,31.156363110821218,0.001,0.7,0.0007,0.00015000000000000001,13.0,390.3333333333333,394
4,2018-2019,2.103429238552734,0.9620502056224545,47.56232139653953,0.002,0.7,0.0014,0.00030000000000000003,13.666666666666666,391.3333333333333,380
5,Average,1.9607893271366266 +- 0.3775178317190394,0.9487762338461405,37.636761613406556,0.10579999999999996,0.7,,,,,
