,Year,MAE,Pearson_Correlation,MAPE,Alpha,L1_ratio,λ_1,λ_2,Min number of weights from cv,Max number of weights from cv,Number Of Non-Zero Weights
0,2014-2015,1.7262912931348133,0.887357578032326,26.230699850000633,0.9999999999999996,0.7,0.6999999999999996,0.14999999999999997,20.0,223.0,53
1,2015-2016,1.9185115600674203,0.917216828328592,27.71823259763821,0.8399999999999996,0.7,0.5879999999999997,0.12599999999999997,16.666666666666668,229.66666666666666,57
2,2016-2017,2.55916426058859,0.9580334251441041,62.47271540631238,0.9699999999999995,0.7,0.6789999999999996,0.14549999999999996,12.285714285714286,440.85714285714283,44
3,2017-2018,2.6944050023625503,0.9736603853320297,50.875250080958054,0.9999999999999996,0.7,0.6999999999999996,0.14999999999999997,9.0,456.0,39
4,2018-2019,3.5605906570593406,0.9549072403529537,115.55001529629993,0.9299999999999996,0.7,0.6509999999999997,0.13949999999999996,13.0,528.8888888888889,40
5,Average,2.491792554642543 +- 0.6484694926631303,0.9382350914380011,56.56938264624184,0.9479999999999995,0.7,,,,,
