,Year,MAE,Pearson_Correlation,MAPE,Alpha,L1_ratio,λ_1,λ_2,Min number of weights from cv,Max number of weights from cv,Number Of Non-Zero Weights
0,2014-2015,1.72629,0.88736,26.2307,1.0,0.7,0.7,0.15,29.33333,225.0,53
1,2015-2016,1.50028,0.94807,25.76491,0.027,0.7,0.0189,0.00405,22.66667,231.0,150
2,2016-2017,2.59936,0.95858,62.36923,0.87,0.7,0.609,0.1305,16.33333,442.0,43
3,2017-2018,2.69441,0.97366,50.87525,1.0,0.7,0.7,0.15,11.66667,456.33333,39
4,2018-2019,1.49933,0.96392,49.53172,0.054,0.7,0.0378,0.0081,13.66667,533.66667,202
5,Average,2.00393 +- 0.53229,0.94632 +- 0.03062,42.95436 +- 14.54715,0.5902,0.7,,,,,
